symboling,normalized-losses,fuel-type,aspiration,num-of-doors,engine-location,wheel-base,length,width,height,curb-weight,num-of-cylinders,engine-size,bore,stroke,compression-ratio,horsepower,peak-rpm,city-mpg,highway-mpg,make audi,make bmw,make chevrolet,make dodge,make honda,make isuzu,make jaguar,make mazda,make mercedes-benz,make mercury,make mitsubishi,make nissan,make peugot,make plymouth,make porsche,make renault,make saab,make subaru,make toyota,make volkswagen,make volvo,Body-Style hardtop,Body-Style hatchback,Body-Style sedan,Body-Style wagon,drive-wheels fwd,drive-wheels rwd,engine-type l,engine-type ohc,engine-type ohcf,engine-type ohcv,engine-type rotor,fuel-system 2bbl,fuel-system 4bbl,fuel-system idi,fuel-system mfi,fuel-system mpfi,fuel-system spdi,fuel-system spfi,horsepower_curbWeight
3,115.0,0,0,0,0,88.6,168.8,64.1,48.8,2548,4,130,3.47,2.68,9.0,111,5000,21,27,False,False,False,False,False,False,False,False,False,False,False,False,False,False,False,False,False,False,False,False,False,False,False,False,False,False,True,False,False,False,False,False,False,False,False,False,True,False,False,0.04356357927786499
3,115.0,0,0,0,0,88.6,168.8,64.1,48.8,2548,4,130,3.47,2.68,9.0,111,5000,21,27,False,False,False,False,False,False,False,False,False,False,False,False,False,False,False,False,False,False,False,False,False,False,False,False,False,False,True,False,False,False,False,False,False,False,False,False,True,False,False,0.04356357927786499
1,115.0,0,0,0,0,94.5,171.2,65.5,52.4,2823,6,152,2.68,3.47,9.0,154,5000,19,26,False,False,False,False,False,False,False,False,False,False,False,False,False,False,False,False,False,False,False,False,False,False,True,False,False,False,True,False,False,False,True,False,False,False,False,False,True,False,False,0.05455189514700673
2,164.0,0,0,1,0,99.8,176.6,66.2,54.3,2337,4,109,3.19,3.4,10.0,102,5500,24,30,True,False,False,False,False,False,False,False,False,False,False,False,False,False,False,False,False,False,False,False,False,False,False,True,False,True,False,False,True,False,False,False,False,False,False,False,True,False,False,0.043645699614890884
2,164.0,0,0,1,0,99.4,176.6,66.4,54.3,2824,5,136,3.19,3.4,8.0,115,5500,18,22,True,False,False,False,False,False,False,False,False,False,False,False,False,False,False,False,False,False,False,False,False,False,False,True,False,False,False,False,True,False,False,False,False,False,False,False,True,False,False,0.04072237960339943
2,115.0,0,0,0,0,99.8,177.3,66.3,53.1,2507,5,136,3.19,3.4,8.5,110,5500,19,25,True,False,False,False,False,False,False,False,False,False,False,False,False,False,False,False,False,False,False,False,False,False,False,True,False,True,False,False,True,False,False,False,False,False,False,False,True,False,False,0.043877143996808934
1,158.0,0,0,1,0,105.8,192.7,71.4,55.7,2844,5,136,3.19,3.4,8.5,110,5500,19,25,True,False,False,False,False,False,False,False,False,False,False,False,False,False,False,False,False,False,False,False,False,False,False,True,False,True,False,False,True,False,False,False,False,False,False,False,True,False,False,0.03867791842475387
1,115.0,0,0,1,0,105.8,192.7,71.4,55.7,2954,5,136,3.19,3.4,8.5,110,5500,19,25,True,False,False,False,False,False,False,False,False,False,False,False,False,False,False,False,False,False,False,False,False,False,False,False,True,True,False,False,True,False,False,False,False,False,False,False,True,False,False,0.037237643872714964
1,158.0,0,1,1,0,105.8,192.7,71.4,55.9,3086,5,131,3.13,3.4,8.3,140,5500,17,20,True,False,False,False,False,False,False,False,False,False,False,False,False,False,False,False,False,False,False,False,False,False,False,True,False,True,False,False,True,False,False,False,False,False,False,False,True,False,False,0.04536616979909268
2,192.0,0,0,0,0,101.2,176.8,64.8,54.3,2395,4,108,3.5,2.8,8.8,101,5800,23,29,False,True,False,False,False,False,False,False,False,False,False,False,False,False,False,False,False,False,False,False,False,False,False,True,False,False,True,False,True,False,False,False,False,False,False,False,True,False,False,0.042171189979123176
0,192.0,0,0,1,0,101.2,176.8,64.8,54.3,2395,4,108,3.5,2.8,8.8,101,5800,23,29,False,True,False,False,False,False,False,False,False,False,False,False,False,False,False,False,False,False,False,False,False,False,False,True,False,False,True,False,True,False,False,False,False,False,False,False,True,False,False,0.042171189979123176
0,188.0,0,0,0,0,101.2,176.8,64.8,54.3,2710,6,164,3.31,3.19,9.0,121,4250,21,28,False,True,False,False,False,False,False,False,False,False,False,False,False,False,False,False,False,False,False,False,False,False,False,True,False,False,True,False,True,False,False,False,False,False,False,False,True,False,False,0.044649446494464944
0,188.0,0,0,1,0,101.2,176.8,64.8,54.3,2765,6,164,3.31,3.19,9.0,121,4250,21,28,False,True,False,False,False,False,False,False,False,False,False,False,False,False,False,False,False,False,False,False,False,False,False,True,False,False,True,False,True,False,False,False,False,False,False,False,True,False,False,0.04376130198915009
1,115.0,0,0,1,0,103.5,189.0,66.9,55.7,3055,6,164,3.31,3.19,9.0,121,4250,20,25,False,True,False,False,False,False,False,False,False,False,False,False,False,False,False,False,False,False,False,False,False,False,False,True,False,False,True,False,True,False,False,False,False,False,False,False,True,False,False,0.03960720130932897
0,115.0,0,0,1,0,103.5,189.0,66.9,55.7,3230,6,209,3.62,3.39,8.0,182,5400,16,22,False,True,False,False,False,False,False,False,False,False,False,False,False,False,False,False,False,False,False,False,False,False,False,True,False,False,True,False,True,False,False,False,False,False,False,False,True,False,False,0.056346749226006194
0,115.0,0,0,0,0,103.5,193.8,67.9,53.7,3380,6,209,3.62,3.39,8.0,182,5400,16,22,False,True,False,False,False,False,False,False,False,False,False,False,False,False,False,False,False,False,False,False,False,False,False,True,False,False,True,False,True,False,False,False,False,False,False,False,True,False,False,0.05384615384615385
0,115.0,0,0,1,0,110.0,197.0,70.9,56.3,3505,6,209,3.62,3.39,8.0,182,5400,15,20,False,True,False,False,False,False,False,False,False,False,False,False,False,False,False,False,False,False,False,False,False,False,False,True,False,False,True,False,True,False,False,False,False,False,False,False,True,False,False,0.051925820256776035
2,121.0,0,0,0,0,88.4,141.1,60.3,53.2,1488,3,61,2.91,3.03,9.5,48,5100,47,53,False,False,True,False,False,False,False,False,False,False,False,False,False,False,False,False,False,False,False,False,False,False,True,False,False,True,False,True,False,False,False,False,True,False,False,False,False,False,False,0.03225806451612903
1,98.0,0,0,0,0,94.5,155.9,63.6,52.0,1874,4,90,3.03,3.11,9.6,70,5400,38,43,False,False,True,False,False,False,False,False,False,False,False,False,False,False,False,False,False,False,False,False,False,False,True,False,False,True,False,False,True,False,False,False,True,False,False,False,False,False,False,0.03735325506937033
0,81.0,0,0,1,0,94.5,158.8,63.6,52.0,1909,4,90,3.03,3.11,9.6,70,5400,38,43,False,False,True,False,False,False,False,False,False,False,False,False,False,False,False,False,False,False,False,False,False,False,False,True,False,True,False,False,True,False,False,False,True,False,False,False,False,False,False,0.03666841278156103
1,118.0,0,0,0,0,93.7,157.3,63.8,50.8,1876,4,90,2.97,3.23,9.41,68,5500,37,41,False,False,False,True,False,False,False,False,False,False,False,False,False,False,False,False,False,False,False,False,False,False,True,False,False,True,False,False,True,False,False,False,True,False,False,False,False,False,False,0.03624733475479744
1,118.0,0,0,0,0,93.7,157.3,63.8,50.8,1876,4,90,2.97,3.23,9.4,68,5500,31,38,False,False,False,True,False,False,False,False,False,False,False,False,False,False,False,False,False,False,False,False,False,False,True,False,False,True,False,False,True,False,False,False,True,False,False,False,False,False,False,0.03624733475479744
1,118.0,0,1,0,0,93.7,157.3,63.8,50.8,2128,4,98,3.03,3.39,7.6,102,5500,24,30,False,False,False,True,False,False,False,False,False,False,False,False,False,False,False,False,False,False,False,False,False,False,True,False,False,True,False,False,True,False,False,False,False,False,False,False,True,False,False,0.047932330827067667
1,148.0,0,0,1,0,93.7,157.3,63.8,50.6,1967,4,90,2.97,3.23,9.4,68,5500,31,38,False,False,False,True,False,False,False,False,False,False,False,False,False,False,False,False,False,False,False,False,False,False,True,False,False,True,False,False,True,False,False,False,True,False,False,False,False,False,False,0.03457041179461108
1,148.0,0,0,1,0,93.7,157.3,63.8,50.6,1989,4,90,2.97,3.23,9.4,68,5500,31,38,False,False,False,True,False,False,False,False,False,False,False,False,False,False,False,False,False,False,False,False,False,False,False,True,False,True,False,False,True,False,False,False,True,False,False,False,False,False,False,0.03418803418803419
1,148.0,0,0,1,0,93.7,157.3,63.8,50.6,1989,4,90,2.97,3.23,9.4,68,5500,31,38,False,False,False,True,False,False,False,False,False,False,False,False,False,False,False,False,False,False,False,False,False,False,False,True,False,True,False,False,True,False,False,False,True,False,False,False,False,False,False,0.03418803418803419
1,148.0,0,1,1,0,93.7,157.3,63.8,50.6,2191,4,98,3.03,3.39,7.6,102,5500,24,30,False,False,False,True,False,False,False,False,False,False,False,False,False,False,False,False,False,False,False,False,False,False,False,True,False,True,False,False,True,False,False,False,False,False,False,False,True,False,False,0.04655408489274304
-1,110.0,0,0,1,0,103.3,174.6,64.6,59.8,2535,4,122,3.34,3.46,8.5,88,5000,24,30,False,False,False,True,False,False,False,False,False,False,False,False,False,False,False,False,False,False,False,False,False,False,False,False,True,True,False,False,True,False,False,False,True,False,False,False,False,False,False,0.03471400394477318
3,145.0,0,1,0,0,95.9,173.2,66.3,50.2,2811,4,156,3.6,3.9,7.0,145,5000,19,24,False,False,False,True,False,False,False,False,False,False,False,False,False,False,False,False,False,False,False,False,False,False,True,False,False,True,False,False,True,False,False,False,False,False,False,True,False,False,False,0.05158306652436855
2,137.0,0,0,0,0,86.6,144.6,63.9,50.8,1713,4,92,2.91,3.41,9.6,58,4800,49,54,False,False,False,False,True,False,False,False,False,False,False,False,False,False,False,False,False,False,False,False,False,False,True,False,False,True,False,False,True,False,False,False,False,False,False,False,False,False,False,0.033858727378867484
2,137.0,0,0,0,0,86.6,144.6,63.9,50.8,1819,4,92,2.91,3.41,9.2,76,6000,31,38,False,False,False,False,True,False,False,False,False,False,False,False,False,False,False,False,False,False,False,False,False,False,True,False,False,True,False,False,True,False,False,False,False,False,False,False,False,False,False,0.04178119846069269
1,101.0,0,0,0,0,93.7,150.0,64.0,52.6,1837,4,79,2.91,3.07,10.1,60,5500,38,42,False,False,False,False,True,False,False,False,False,False,False,False,False,False,False,False,False,False,False,False,False,False,True,False,False,True,False,False,True,False,False,False,False,False,False,False,False,False,False,0.0326619488296135
1,101.0,0,0,0,0,93.7,150.0,64.0,52.6,1940,4,92,2.91,3.41,9.2,76,6000,30,34,False,False,False,False,True,False,False,False,False,False,False,False,False,False,False,False,False,False,False,False,False,False,True,False,False,True,False,False,True,False,False,False,False,False,False,False,False,False,False,0.03917525773195876
1,101.0,0,0,0,0,93.7,150.0,64.0,52.6,1956,4,92,2.91,3.41,9.2,76,6000,30,34,False,False,False,False,True,False,False,False,False,False,False,False,False,False,False,False,False,False,False,False,False,False,True,False,False,True,False,False,True,False,False,False,False,False,False,False,False,False,False,0.03885480572597137
0,110.0,0,0,1,0,96.5,163.4,64.0,54.5,2010,4,92,2.91,3.41,9.2,76,6000,30,34,False,False,False,False,True,False,False,False,False,False,False,False,False,False,False,False,False,False,False,False,False,False,False,True,False,True,False,False,True,False,False,False,False,False,False,False,False,False,False,0.03781094527363184
0,78.0,0,0,1,0,96.5,157.1,63.9,58.3,2024,4,92,2.92,3.41,9.2,76,6000,30,34,False,False,False,False,True,False,False,False,False,False,False,False,False,False,False,False,False,False,False,False,False,False,False,False,True,True,False,False,True,False,False,False,False,False,False,False,False,False,False,0.037549407114624504
0,106.0,0,0,0,0,96.5,167.5,65.2,53.3,2236,4,110,3.15,3.58,9.0,86,5800,27,33,False,False,False,False,True,False,False,False,False,False,False,False,False,False,False,False,False,False,False,False,False,False,True,False,False,True,False,False,True,False,False,False,False,False,False,False,False,False,False,0.038461538461538464
0,106.0,0,0,0,0,96.5,167.5,65.2,53.3,2289,4,110,3.15,3.58,9.0,86,5800,27,33,False,False,False,False,True,False,False,False,False,False,False,False,False,False,False,False,False,False,False,False,False,False,True,False,False,True,False,False,True,False,False,False,False,False,False,False,False,False,False,0.037570991699432066
0,85.0,0,0,1,0,96.5,175.4,65.2,54.1,2304,4,110,3.15,3.58,9.0,86,5800,27,33,False,False,False,False,True,False,False,False,False,False,False,False,False,False,False,False,False,False,False,False,False,False,False,True,False,True,False,False,True,False,False,False,False,False,False,False,False,False,False,0.03732638888888889
0,85.0,0,0,1,0,96.5,175.4,62.5,54.1,2372,4,110,3.15,3.58,9.0,86,5800,27,33,False,False,False,False,True,False,False,False,False,False,False,False,False,False,False,False,False,False,False,False,False,False,False,True,False,True,False,False,True,False,False,False,False,False,False,False,False,False,False,0.03625632377740304
0,85.0,0,0,1,0,96.5,175.4,65.2,54.1,2465,4,110,3.15,3.58,9.0,101,5800,24,28,False,False,False,False,True,False,False,False,False,False,False,False,False,False,False,False,False,False,False,False,False,False,False,True,False,True,False,False,True,False,False,False,False,False,False,False,True,False,False,0.040973630831643
1,107.0,0,0,0,0,96.5,169.1,66.0,51.0,2293,4,110,3.15,3.58,9.1,100,5500,25,31,False,False,False,False,True,False,False,False,False,False,False,False,False,False,False,False,False,False,False,False,False,False,False,True,False,True,False,False,True,False,False,False,True,False,False,False,False,False,False,0.043610989969472304
0,115.0,0,0,1,0,94.3,170.7,61.8,53.5,2337,4,111,3.31,3.23,8.5,78,4800,24,29,False,False,False,False,False,True,False,False,False,False,False,False,False,False,False,False,False,False,False,False,False,False,False,True,False,False,True,False,True,False,False,False,True,False,False,False,False,False,False,0.03337612323491656
2,115.0,0,0,0,0,96.0,172.6,65.2,51.4,2734,4,119,3.43,3.23,9.2,90,5000,24,29,False,False,False,False,False,True,False,False,False,False,False,False,False,False,False,False,False,False,False,False,False,False,True,False,False,False,True,False,True,False,False,False,False,False,False,False,False,False,True,0.03291880029261156
0,145.0,0,0,1,0,113.0,199.6,69.6,52.8,4066,6,258,3.63,4.17,8.1,176,4750,15,19,False,False,False,False,False,False,True,False,False,False,False,False,False,False,False,False,False,False,False,False,False,False,False,True,False,False,True,False,False,False,False,False,False,False,False,False,True,False,False,0.04328578455484506
0,115.0,0,0,1,0,113.0,199.6,69.6,52.8,4066,6,258,3.63,4.17,8.1,176,4750,15,19,False,False,False,False,False,False,True,False,False,False,False,False,False,False,False,False,False,False,False,False,False,False,False,True,False,False,True,False,False,False,False,False,False,False,False,False,True,False,False,0.04328578455484506
0,115.0,0,0,0,0,102.0,191.7,70.6,47.8,3950,12,326,3.54,2.76,11.5,262,5000,13,17,False,False,False,False,False,False,True,False,False,False,False,False,False,False,False,False,False,False,False,False,False,False,False,True,False,False,True,False,False,False,True,False,False,False,False,False,True,False,False,0.06632911392405064
1,104.0,0,0,0,0,93.1,159.1,64.2,54.1,1890,4,91,3.03,3.15,9.0,68,5000,30,31,False,False,False,False,False,False,False,True,False,False,False,False,False,False,False,False,False,False,False,False,False,False,True,False,False,True,False,False,True,False,False,False,True,False,False,False,False,False,False,0.03597883597883598
1,104.0,0,0,0,0,93.1,159.1,64.2,54.1,1900,4,91,3.03,3.15,9.0,68,5000,31,38,False,False,False,False,False,False,False,True,False,False,False,False,False,False,False,False,False,False,False,False,False,False,True,False,False,True,False,False,True,False,False,False,True,False,False,False,False,False,False,0.035789473684210524
1,104.0,0,0,0,0,93.1,159.1,64.2,54.1,1905,4,91,3.03,3.15,9.0,68,5000,31,38,False,False,False,False,False,False,False,True,False,False,False,False,False,False,False,False,False,False,False,False,False,False,True,False,False,True,False,False,True,False,False,False,True,False,False,False,False,False,False,0.03569553805774278
1,113.0,0,0,1,0,93.1,166.8,64.2,54.1,1945,4,91,3.03,3.15,9.0,68,5000,31,38,False,False,False,False,False,False,False,True,False,False,False,False,False,False,False,False,False,False,False,False,False,False,False,True,False,True,False,False,True,False,False,False,True,False,False,False,False,False,False,0.03496143958868895
1,113.0,0,0,1,0,93.1,166.8,64.2,54.1,1950,4,91,3.08,3.15,9.0,68,5000,31,38,False,False,False,False,False,False,False,True,False,False,False,False,False,False,False,False,False,False,False,False,False,False,False,True,False,True,False,False,True,False,False,False,True,False,False,False,False,False,False,0.03487179487179487
3,150.0,0,0,0,0,95.3,169.0,65.7,49.6,2380,2,70,3.31,3.29,9.4,101,6000,17,23,False,False,False,False,False,False,False,True,False,False,False,False,False,False,False,False,False,False,False,False,False,False,True,False,False,False,True,False,False,False,False,True,False,True,False,False,False,False,False,0.04243697478991597
3,150.0,0,0,0,0,95.3,169.0,65.7,49.6,2380,2,70,3.31,3.29,9.4,101,6000,17,23,False,False,False,False,False,False,False,True,False,False,False,False,False,False,False,False,False,False,False,False,False,False,True,False,False,False,True,False,False,False,False,True,False,True,False,False,False,False,False,0.04243697478991597
3,150.0,0,0,0,0,95.3,169.0,65.7,49.6,2385,2,70,3.31,3.29,9.4,101,6000,17,23,False,False,False,False,False,False,False,True,False,False,False,False,False,False,False,False,False,False,False,False,False,False,True,False,False,False,True,False,False,False,False,True,False,True,False,False,False,False,False,0.042348008385744235
3,150.0,0,0,0,0,95.3,169.0,65.7,49.6,2500,2,80,3.31,3.29,9.4,135,6000,16,23,False,False,False,False,False,False,False,True,False,False,False,False,False,False,False,False,False,False,False,False,False,False,True,False,False,False,True,False,False,False,False,True,False,False,False,False,True,False,False,0.054
1,129.0,0,0,0,0,98.8,177.8,66.5,53.7,2385,4,122,3.39,3.39,8.6,84,4800,26,32,False,False,False,False,False,False,False,True,False,False,False,False,False,False,False,False,False,False,False,False,False,False,True,False,False,True,False,False,True,False,False,False,True,False,False,False,False,False,False,0.03522012578616352
0,115.0,0,0,1,0,98.8,177.8,66.5,55.5,2410,4,122,3.39,3.39,8.6,84,4800,26,32,False,False,False,False,False,False,False,True,False,False,False,False,False,False,False,False,False,False,False,False,False,False,False,True,False,True,False,False,True,False,False,False,True,False,False,False,False,False,False,0.034854771784232366
1,129.0,0,0,0,0,98.8,177.8,66.5,53.7,2385,4,122,3.39,3.39,8.6,84,4800,26,32,False,False,False,False,False,False,False,True,False,False,False,False,False,False,False,False,False,False,False,False,False,False,True,False,False,True,False,False,True,False,False,False,True,False,False,False,False,False,False,0.03522012578616352
0,115.0,0,0,1,0,98.8,177.8,66.5,55.5,2410,4,122,3.39,3.39,8.6,84,4800,26,32,False,False,False,False,False,False,False,True,False,False,False,False,False,False,False,False,False,False,False,False,False,False,False,True,False,True,False,False,True,False,False,False,True,False,False,False,False,False,False,0.034854771784232366
0,115.0,1,0,1,0,98.8,177.8,66.5,55.5,2443,4,122,3.39,3.39,22.7,64,4650,36,42,False,False,False,False,False,False,False,True,False,False,False,False,False,False,False,False,False,False,False,False,False,False,False,True,False,True,False,False,True,False,False,False,False,False,True,False,False,False,False,0.026197298403602128
0,115.0,0,0,1,0,98.8,177.8,66.5,55.5,2425,4,122,3.39,3.39,8.6,84,4800,26,32,False,False,False,False,False,False,False,True,False,False,False,False,False,False,False,False,False,False,False,False,False,False,True,False,False,True,False,False,True,False,False,False,True,False,False,False,False,False,False,0.03463917525773196
0,118.0,0,0,1,0,104.9,175.0,66.1,54.4,2670,4,140,3.76,3.16,8.0,120,5000,19,27,False,False,False,False,False,False,False,True,False,False,False,False,False,False,False,False,False,False,False,False,False,False,False,True,False,False,True,False,True,False,False,False,False,False,False,False,True,False,False,0.0449438202247191
0,115.0,1,0,1,0,104.9,175.0,66.1,54.4,2700,4,134,3.43,3.64,22.0,72,4200,31,39,False,False,False,False,False,False,False,True,False,False,False,False,False,False,False,False,False,False,False,False,False,False,False,True,False,False,True,False,True,False,False,False,False,False,True,False,False,False,False,0.02666666666666667
-1,93.0,1,1,1,0,110.0,190.9,70.3,56.5,3515,5,183,3.58,3.64,21.5,123,4350,22,25,False,False,False,False,False,False,False,False,True,False,False,False,False,False,False,False,False,False,False,False,False,False,False,True,False,False,True,False,True,False,False,False,False,False,True,False,False,False,False,0.03499288762446657
-1,93.0,1,1,1,0,110.0,190.9,70.3,58.7,3750,5,183,3.58,3.64,21.5,123,4350,22,25,False,False,False,False,False,False,False,False,True,False,False,False,False,False,False,False,False,False,False,False,False,False,False,False,True,False,True,False,True,False,False,False,False,False,True,False,False,False,False,0.0328
0,93.0,1,1,0,0,106.7,187.5,70.3,54.9,3495,5,183,3.58,3.64,21.5,123,4350,22,25,False,False,False,False,False,False,False,False,True,False,False,False,False,False,False,False,False,False,False,False,False,True,False,False,False,False,True,False,True,False,False,False,False,False,True,False,False,False,False,0.0351931330472103
-1,93.0,1,1,1,0,115.6,202.6,71.7,56.3,3770,5,183,3.58,3.64,21.5,123,4350,22,25,False,False,False,False,False,False,False,False,True,False,False,False,False,False,False,False,False,False,False,False,False,False,False,True,False,False,True,False,True,False,False,False,False,False,True,False,False,False,False,0.03262599469496021
-1,115.0,0,0,1,0,115.6,202.6,71.7,56.5,3740,8,234,3.46,3.1,8.3,155,4750,16,18,False,False,False,False,False,False,False,False,True,False,False,False,False,False,False,False,False,False,False,False,False,False,False,True,False,False,True,False,False,False,True,False,False,False,False,False,True,False,False,0.04144385026737968
3,142.0,0,0,0,0,96.6,180.3,70.5,50.8,3685,8,234,3.46,3.1,8.3,155,4750,16,18,False,False,False,False,False,False,False,False,True,False,False,False,False,False,False,False,False,False,False,False,False,False,False,False,False,False,True,False,False,False,True,False,False,False,False,False,True,False,False,0.04206241519674356
0,115.0,0,0,1,0,120.9,208.1,71.7,56.7,3900,8,308,3.8,3.35,8.0,184,4500,14,16,False,False,False,False,False,False,False,False,True,False,False,False,False,False,False,False,False,False,False,False,False,False,False,True,False,False,True,False,False,False,True,False,False,False,False,False,True,False,False,0.04717948717948718
1,115.0,0,0,0,0,112.0,199.2,72.0,55.4,3715,8,304,3.8,3.35,8.0,184,4500,14,16,False,False,False,False,False,False,False,False,True,False,False,False,False,False,False,False,False,False,False,False,False,True,False,False,False,False,True,False,False,False,True,False,False,False,False,False,True,False,False,0.04952893674293405
1,115.0,0,1,0,0,102.7,178.4,68.0,54.8,2910,4,140,3.78,3.12,8.0,175,5000,19,24,False,False,False,False,False,False,False,False,False,True,False,False,False,False,False,False,False,False,False,False,False,False,True,False,False,False,True,False,True,False,False,False,False,False,False,False,True,False,False,0.06013745704467354
2,161.0,0,0,0,0,93.7,157.3,64.4,50.8,1918,4,92,2.97,3.23,9.4,68,5500,37,41,False,False,False,False,False,False,False,False,False,False,True,False,False,False,False,False,False,False,False,False,False,False,True,False,False,True,False,False,True,False,False,False,True,False,False,False,False,False,False,0.035453597497393116
2,161.0,0,0,0,0,93.7,157.3,64.4,50.8,1944,4,92,2.97,3.23,9.4,68,5500,31,38,False,False,False,False,False,False,False,False,False,False,True,False,False,False,False,False,False,False,False,False,False,False,True,False,False,True,False,False,True,False,False,False,True,False,False,False,False,False,False,0.03497942386831276
2,161.0,0,0,0,0,93.7,157.3,64.4,50.8,2004,4,92,2.97,3.23,9.4,68,5500,31,38,False,False,False,False,False,False,False,False,False,False,True,False,False,False,False,False,False,False,False,False,False,False,True,False,False,True,False,False,True,False,False,False,True,False,False,False,False,False,False,0.033932135728542916
1,161.0,0,1,0,0,93.0,157.3,63.8,50.8,2145,4,98,3.03,3.39,7.6,102,5500,24,30,False,False,False,False,False,False,False,False,False,False,True,False,False,False,False,False,False,False,False,False,False,False,True,False,False,True,False,False,True,False,False,False,False,False,False,False,False,True,False,0.04755244755244755
3,153.0,0,1,0,0,96.3,173.0,65.4,49.4,2370,4,110,3.17,3.46,7.5,116,5500,23,30,False,False,False,False,False,False,False,False,False,False,True,False,False,False,False,False,False,False,False,False,False,False,True,False,False,True,False,False,True,False,False,False,False,False,False,False,False,True,False,0.048945147679324896
3,153.0,0,0,0,0,96.3,173.0,65.4,49.4,2328,4,122,3.35,3.46,8.5,88,5000,25,32,False,False,False,False,False,False,False,False,False,False,True,False,False,False,False,False,False,False,False,False,False,False,True,False,False,True,False,False,True,False,False,False,True,False,False,False,False,False,False,0.037800687285223365
3,115.0,0,1,0,0,95.9,173.2,66.3,50.2,2833,4,156,3.58,3.86,7.0,145,5000,19,24,False,False,False,False,False,False,False,False,False,False,True,False,False,False,False,False,False,False,False,False,False,False,True,False,False,True,False,False,True,False,False,False,False,False,False,False,False,True,False,0.05118249205788916
3,115.0,0,1,0,0,95.9,173.2,66.3,50.2,2921,4,156,3.59,3.86,7.0,145,5000,19,24,False,False,False,False,False,False,False,False,False,False,True,False,False,False,False,False,False,False,False,False,False,False,True,False,False,True,False,False,True,False,False,False,False,False,False,False,False,True,False,0.04964053406367682
3,115.0,0,1,0,0,95.9,173.2,66.3,50.2,2926,4,156,3.59,3.86,7.0,145,5000,19,24,False,False,False,False,False,False,False,False,False,False,True,False,False,False,False,False,False,False,False,False,False,False,True,False,False,True,False,False,True,False,False,False,False,False,False,False,False,True,False,0.04955570745044429
1,125.0,0,0,1,0,96.3,172.4,65.4,51.6,2365,4,122,3.35,3.46,8.5,88,5000,25,32,False,False,False,False,False,False,False,False,False,False,True,False,False,False,False,False,False,False,False,False,False,False,False,True,False,True,False,False,True,False,False,False,True,False,False,False,False,False,False,0.037209302325581395
1,125.0,0,0,1,0,96.3,172.4,65.4,51.6,2405,4,122,3.35,3.46,8.5,88,5000,25,32,False,False,False,False,False,False,False,False,False,False,True,False,False,False,False,False,False,False,False,False,False,False,False,True,False,True,False,False,True,False,False,False,True,False,False,False,False,False,False,0.03659043659043659
1,125.0,0,1,1,0,96.3,172.4,65.4,51.6,2403,4,110,3.17,3.46,7.5,116,5500,23,30,False,False,False,False,False,False,False,False,False,False,True,False,False,False,False,False,False,False,False,False,False,False,False,True,False,True,False,False,True,False,False,False,False,False,False,False,False,True,False,0.04827299209321681
-1,137.0,0,0,1,0,96.3,172.4,65.4,51.6,2403,4,110,3.17,3.46,7.5,116,5500,23,30,False,False,False,False,False,False,False,False,False,False,True,False,False,False,False,False,False,False,False,False,False,False,False,True,False,True,False,False,True,False,False,False,False,False,False,False,False,True,False,0.04827299209321681
1,128.0,0,0,0,0,94.5,165.3,63.8,54.5,1889,4,97,3.15,3.29,9.4,69,5200,31,37,False,False,False,False,False,False,False,False,False,False,False,True,False,False,False,False,False,False,False,False,False,False,False,True,False,True,False,False,True,False,False,False,True,False,False,False,False,False,False,0.036527263102170464
1,128.0,1,0,0,0,94.5,165.3,63.8,54.5,2017,4,103,2.99,3.47,21.9,55,4800,45,50,False,False,False,False,False,False,False,False,False,False,False,True,False,False,False,False,False,False,False,False,False,False,False,True,False,True,False,False,True,False,False,False,False,False,True,False,False,False,False,0.027268220128904314
1,128.0,0,0,0,0,94.5,165.3,63.8,54.5,1918,4,97,3.15,3.29,9.4,69,5200,31,37,False,False,False,False,False,False,False,False,False,False,False,True,False,False,False,False,False,False,False,False,False,False,False,True,False,True,False,False,True,False,False,False,True,False,False,False,False,False,False,0.03597497393117831
1,122.0,0,0,1,0,94.5,165.3,63.8,54.5,1938,4,97,3.15,3.29,9.4,69,5200,31,37,False,False,False,False,False,False,False,False,False,False,False,True,False,False,False,False,False,False,False,False,False,False,False,True,False,True,False,False,True,False,False,False,True,False,False,False,False,False,False,0.03560371517027864
1,103.0,0,0,1,0,94.5,170.2,63.8,53.5,2024,4,97,3.15,3.29,9.4,69,5200,31,37,False,False,False,False,False,False,False,False,False,False,False,True,False,False,False,False,False,False,False,False,False,False,False,False,True,True,False,False,True,False,False,False,True,False,False,False,False,False,False,0.03409090909090909
1,128.0,0,0,0,0,94.5,165.3,63.8,54.5,1951,4,97,3.15,3.29,9.4,69,5200,31,37,False,False,False,False,False,False,False,False,False,False,False,True,False,False,False,False,False,False,False,False,False,False,False,True,False,True,False,False,True,False,False,False,True,False,False,False,False,False,False,0.035366478728856995
1,128.0,0,0,0,0,94.5,165.6,63.8,53.3,2028,4,97,3.15,3.29,9.4,69,5200,31,37,False,False,False,False,False,False,False,False,False,False,False,True,False,False,False,False,False,False,False,False,False,False,True,False,False,True,False,False,True,False,False,False,True,False,False,False,False,False,False,0.034023668639053255
1,122.0,0,0,1,0,94.5,165.3,63.8,54.5,1971,4,97,3.15,3.29,9.4,69,5200,31,37,False,False,False,False,False,False,False,False,False,False,False,True,False,False,False,False,False,False,False,False,False,False,False,True,False,True,False,False,True,False,False,False,True,False,False,False,False,False,False,0.0350076103500761
1,103.0,0,0,1,0,94.5,170.2,63.8,53.5,2037,4,97,3.15,3.29,9.4,69,5200,31,37,False,False,False,False,False,False,False,False,False,False,False,True,False,False,False,False,False,False,False,False,False,False,False,False,True,True,False,False,True,False,False,False,True,False,False,False,False,False,False,0.033873343151693665
2,168.0,0,0,0,0,95.1,162.4,63.8,53.3,2008,4,97,3.15,3.29,9.4,69,5200,31,37,False,False,False,False,False,False,False,False,False,False,False,True,False,False,False,False,False,False,False,False,False,True,False,False,False,True,False,False,True,False,False,False,True,False,False,False,False,False,False,0.03436254980079681
0,106.0,0,0,1,0,97.2,173.4,65.2,54.7,2324,4,120,3.33,3.47,8.5,97,5200,27,34,False,False,False,False,False,False,False,False,False,False,False,True,False,False,False,False,False,False,False,False,False,False,True,False,False,True,False,False,True,False,False,False,True,False,False,False,False,False,False,0.04173838209982788
0,106.0,0,0,1,0,97.2,173.4,65.2,54.7,2302,4,120,3.33,3.47,8.5,97,5200,27,34,False,False,False,False,False,False,False,False,False,False,False,True,False,False,False,False,False,False,False,False,False,False,False,True,False,True,False,False,True,False,False,False,True,False,False,False,False,False,False,0.0421372719374457
0,128.0,0,0,1,0,100.4,181.7,66.5,55.1,3095,6,181,3.43,3.27,9.0,152,5200,17,22,False,False,False,False,False,False,False,False,False,False,False,True,False,False,False,False,False,False,False,False,False,False,False,True,False,True,False,False,False,False,True,False,False,False,False,False,True,False,False,0.04911147011308562
0,108.0,0,0,1,0,100.4,184.6,66.5,56.1,3296,6,181,3.43,3.27,9.0,152,5200,17,22,False,False,False,False,False,False,False,False,False,False,False,True,False,False,False,False,False,False,False,False,False,False,False,False,True,True,False,False,False,False,True,False,False,False,False,False,True,False,False,0.04611650485436893
0,108.0,0,0,1,0,100.4,184.6,66.5,55.1,3060,6,181,3.43,3.27,9.0,152,5200,19,25,False,False,False,False,False,False,False,False,False,False,False,True,False,False,False,False,False,False,False,False,False,False,False,True,False,True,False,False,False,False,True,False,False,False,False,False,True,False,False,0.04967320261437908
3,194.0,0,0,0,0,91.3,170.7,67.9,49.7,3071,6,181,3.43,3.27,9.0,160,5200,19,25,False,False,False,False,False,False,False,False,False,False,False,True,False,False,False,False,False,False,False,False,False,False,True,False,False,False,True,False,False,False,True,False,False,False,False,False,True,False,False,0.052100293064148484
3,194.0,0,1,0,0,91.3,170.7,67.9,49.7,3139,6,181,3.43,3.27,7.8,200,5200,17,23,False,False,False,False,False,False,False,False,False,False,False,True,False,False,False,False,False,False,False,False,False,False,True,False,False,False,True,False,False,False,True,False,False,False,False,False,True,False,False,0.06371455877668047
1,231.0,0,0,0,0,99.2,178.5,67.9,49.7,3139,6,181,3.43,3.27,9.0,160,5200,19,25,False,False,False,False,False,False,False,False,False,False,False,True,False,False,False,False,False,False,False,False,False,False,True,False,False,False,True,False,False,False,True,False,False,False,False,False,True,False,False,0.05097164702134438
0,161.0,0,0,1,0,107.9,186.7,68.4,56.7,3020,4,120,3.46,3.19,8.4,97,5000,19,24,False,False,False,False,False,False,False,False,False,False,False,False,True,False,False,False,False,False,False,False,False,False,False,True,False,False,True,True,False,False,False,False,False,False,False,False,True,False,False,0.032119205298013244
0,161.0,1,1,1,0,107.9,186.7,68.4,56.7,3197,4,152,3.7,3.52,21.0,95,4150,28,33,False,False,False,False,False,False,False,False,False,False,False,False,True,False,False,False,False,False,False,False,False,False,False,True,False,False,True,True,False,False,False,False,False,False,True,False,False,False,False,0.029715358148264
0,115.0,0,0,1,0,114.2,198.9,68.4,58.7,3230,4,120,3.46,3.19,8.4,97,5000,19,24,False,False,False,False,False,False,False,False,False,False,False,False,True,False,False,False,False,False,False,False,False,False,False,False,True,False,True,True,False,False,False,False,False,False,False,False,True,False,False,0.030030959752321982
0,115.0,1,1,1,0,114.2,198.9,68.4,58.7,3430,4,152,3.7,3.52,21.0,95,4150,25,25,False,False,False,False,False,False,False,False,False,False,False,False,True,False,False,False,False,False,False,False,False,False,False,False,True,False,True,True,False,False,False,False,False,False,True,False,False,False,False,0.027696793002915453
0,161.0,0,0,1,0,107.9,186.7,68.4,56.7,3075,4,120,3.46,2.19,8.4,95,5000,19,24,False,False,False,False,False,False,False,False,False,False,False,False,True,False,False,False,False,False,False,False,False,False,False,True,False,False,True,True,False,False,False,False,False,False,False,False,True,False,False,0.030894308943089432
0,161.0,1,1,1,0,107.9,186.7,68.4,56.7,3252,4,152,3.7,3.52,21.0,95,4150,28,33,False,False,False,False,False,False,False,False,False,False,False,False,True,False,False,False,False,False,False,False,False,False,False,True,False,False,True,True,False,False,False,False,False,False,True,False,False,False,False,0.02921279212792128
0,115.0,0,0,1,0,114.2,198.9,68.4,56.7,3285,4,120,3.46,2.19,8.4,95,5000,19,24,False,False,False,False,False,False,False,False,False,False,False,False,True,False,False,False,False,False,False,False,False,False,False,False,True,False,True,True,False,False,False,False,False,False,False,False,True,False,False,0.0289193302891933
0,115.0,1,1,1,0,114.2,198.9,68.4,58.7,3485,4,152,3.7,3.52,21.0,95,4150,25,25,False,False,False,False,False,False,False,False,False,False,False,False,True,False,False,False,False,False,False,False,False,False,False,False,True,False,True,True,False,False,False,False,False,False,True,False,False,False,False,0.027259684361549498
0,161.0,0,0,1,0,107.9,186.7,68.4,56.7,3075,4,120,3.46,3.19,8.4,97,5000,19,24,False,False,False,False,False,False,False,False,False,False,False,False,True,False,False,False,False,False,False,False,False,False,False,True,False,False,True,True,False,False,False,False,False,False,False,False,True,False,False,0.031544715447154474
0,161.0,1,1,1,0,107.9,186.7,68.4,56.7,3252,4,152,3.7,3.52,21.0,95,4150,28,33,False,False,False,False,False,False,False,False,False,False,False,False,True,False,False,False,False,False,False,False,False,False,False,True,False,False,True,True,False,False,False,False,False,False,True,False,False,False,False,0.02921279212792128
0,161.0,0,1,1,0,108.0,186.7,68.3,56.0,3130,4,134,3.61,3.21,7.0,142,5600,18,24,False,False,False,False,False,False,False,False,False,False,False,False,True,False,False,False,False,False,False,False,False,False,False,True,False,False,True,True,False,False,False,False,False,False,False,False,True,False,False,0.04536741214057508
1,119.0,0,0,0,0,93.7,157.3,63.8,50.8,1918,4,90,2.97,3.23,9.4,68,5500,37,41,False,False,False,False,False,False,False,False,False,False,False,False,False,True,False,False,False,False,False,False,False,False,True,False,False,True,False,False,True,False,False,False,True,False,False,False,False,False,False,0.035453597497393116
1,119.0,0,1,0,0,93.7,157.3,63.8,50.8,2128,4,98,3.03,3.39,7.6,102,5500,24,30,False,False,False,False,False,False,False,False,False,False,False,False,False,True,False,False,False,False,False,False,False,False,True,False,False,True,False,False,True,False,False,False,False,False,False,False,False,True,False,0.047932330827067667
1,154.0,0,0,1,0,93.7,157.3,63.8,50.6,1967,4,90,2.97,3.23,9.4,68,5500,31,38,False,False,False,False,False,False,False,False,False,False,False,False,False,True,False,False,False,False,False,False,False,False,True,False,False,True,False,False,True,False,False,False,True,False,False,False,False,False,False,0.03457041179461108
1,154.0,0,0,1,0,93.7,167.3,63.8,50.8,1989,4,90,2.97,3.23,9.4,68,5500,31,38,False,False,False,False,False,False,False,False,False,False,False,False,False,True,False,False,False,False,False,False,False,False,False,True,False,True,False,False,True,False,False,False,True,False,False,False,False,False,False,0.03418803418803419
1,154.0,0,0,1,0,93.7,167.3,63.8,50.8,2191,4,98,2.97,3.23,9.4,68,5500,31,38,False,False,False,False,False,False,False,False,False,False,False,False,False,True,False,False,False,False,False,False,False,False,False,True,False,True,False,False,True,False,False,False,True,False,False,False,False,False,False,0.031036056595162027
-1,74.0,0,0,1,0,103.3,174.6,64.6,59.8,2535,4,122,3.35,3.46,8.5,88,5000,24,30,False,False,False,False,False,False,False,False,False,False,False,False,False,True,False,False,False,False,False,False,False,False,False,False,True,True,False,False,True,False,False,False,True,False,False,False,False,False,False,0.03471400394477318
3,115.0,0,1,0,0,95.9,173.2,66.3,50.2,2818,4,156,3.59,3.86,7.0,145,5000,19,24,False,False,False,False,False,False,False,False,False,False,False,False,False,True,False,False,False,False,False,False,False,False,True,False,False,False,True,False,True,False,False,False,False,False,False,False,False,True,False,0.05145493257629524
3,186.0,0,0,0,0,94.5,168.9,68.3,50.2,2778,4,151,3.94,3.11,9.5,143,5500,19,27,False,False,False,False,False,False,False,False,False,False,False,False,False,False,True,False,False,False,False,False,False,False,True,False,False,False,True,False,True,False,False,False,False,False,False,False,True,False,False,0.05147588192944565
3,115.0,0,0,0,1,89.5,168.9,65.0,51.6,2756,6,194,3.74,2.9,9.5,207,5900,17,25,False,False,False,False,False,False,False,False,False,False,False,False,False,False,True,False,False,False,False,False,False,True,False,False,False,False,True,False,False,True,False,False,False,False,False,False,True,False,False,0.07510885341074021
3,115.0,0,0,0,1,89.5,168.9,65.0,51.6,2756,6,194,3.74,2.9,9.5,207,5900,17,25,False,False,False,False,False,False,False,False,False,False,False,False,False,False,True,False,False,False,False,False,False,True,False,False,False,False,True,False,False,True,False,False,False,False,False,False,True,False,False,0.07510885341074021
3,115.0,0,0,0,1,89.5,168.9,65.0,51.6,2800,6,194,3.74,2.9,9.5,207,5900,17,25,False,False,False,False,False,False,False,False,False,False,False,False,False,False,True,False,False,False,False,False,False,False,False,False,False,False,True,False,False,True,False,False,False,False,False,False,True,False,False,0.07392857142857143
0,115.0,0,0,1,0,96.1,181.5,66.5,55.2,2579,4,132,3.46,3.9,8.7,95,5200,23,31,False,False,False,False,False,False,False,False,False,False,False,False,False,False,False,True,False,False,False,False,False,False,False,False,True,True,False,False,True,False,False,False,False,False,False,False,True,False,False,0.03683598293912369
2,115.0,0,0,0,0,96.1,176.8,66.6,50.5,2460,4,132,3.46,3.9,8.7,95,5200,23,31,False,False,False,False,False,False,False,False,False,False,False,False,False,False,False,True,False,False,False,False,False,False,True,False,False,True,False,False,True,False,False,False,False,False,False,False,True,False,False,0.03861788617886179
3,150.0,0,0,0,0,99.1,186.6,66.5,56.1,2658,4,121,3.54,3.07,9.31,110,5250,21,28,False,False,False,False,False,False,False,False,False,False,False,False,False,False,False,False,True,False,False,False,False,False,True,False,False,True,False,False,True,False,False,False,False,False,False,False,True,False,False,0.04138449962377728
2,104.0,0,0,1,0,99.1,186.6,66.5,56.1,2695,4,121,3.54,3.07,9.3,110,5250,21,28,False,False,False,False,False,False,False,False,False,False,False,False,False,False,False,False,True,False,False,False,False,False,False,True,False,True,False,False,True,False,False,False,False,False,False,False,True,False,False,0.04081632653061224
3,150.0,0,0,0,0,99.1,186.6,66.5,56.1,2707,4,121,2.54,2.07,9.3,110,5250,21,28,False,False,False,False,False,False,False,False,False,False,False,False,False,False,False,False,True,False,False,False,False,False,True,False,False,True,False,False,True,False,False,False,False,False,False,False,True,False,False,0.04063538973032878
2,104.0,0,0,1,0,99.1,186.6,66.5,56.1,2758,4,121,3.54,3.07,9.3,110,5250,21,28,False,False,False,False,False,False,False,False,False,False,False,False,False,False,False,False,True,False,False,False,False,False,False,True,False,True,False,False,True,False,False,False,False,False,False,False,True,False,False,0.03988397389412618
3,150.0,0,1,0,0,99.1,186.6,66.5,56.1,2808,4,121,3.54,3.07,9.0,160,5500,19,26,False,False,False,False,False,False,False,False,False,False,False,False,False,False,False,False,True,False,False,False,False,False,True,False,False,True,False,False,False,False,False,False,False,False,False,False,True,False,False,0.05698005698005698
2,104.0,0,1,1,0,99.1,186.6,66.5,56.1,2847,4,121,3.54,3.07,9.0,160,5500,19,26,False,False,False,False,False,False,False,False,False,False,False,False,False,False,False,False,True,False,False,False,False,False,False,True,False,True,False,False,False,False,False,False,False,False,False,False,True,False,False,0.056199508254302775
2,83.0,0,0,0,0,93.7,156.9,63.4,53.7,2050,4,97,3.62,2.36,9.0,69,4900,31,36,False,False,False,False,False,False,False,False,False,False,False,False,False,False,False,False,False,True,False,False,False,False,True,False,False,True,False,False,False,True,False,False,True,False,False,False,False,False,False,0.033658536585365856
2,83.0,0,0,0,0,93.7,157.9,63.6,53.7,2120,4,108,3.62,2.64,8.7,73,4400,26,31,False,False,False,False,False,False,False,False,False,False,False,False,False,False,False,False,False,True,False,False,False,False,True,False,False,True,False,False,False,True,False,False,True,False,False,False,False,False,False,0.03443396226415094
2,83.0,0,0,0,0,93.3,157.3,63.8,55.7,2240,4,108,3.62,2.64,8.7,73,4400,26,31,False,False,False,False,False,False,False,False,False,False,False,False,False,False,False,False,False,True,False,False,False,False,True,False,False,False,False,False,False,True,False,False,True,False,False,False,False,False,False,0.032589285714285716
0,102.0,0,0,1,0,97.2,172.0,65.4,52.5,2145,4,108,3.62,2.64,9.5,82,4800,32,37,False,False,False,False,False,False,False,False,False,False,False,False,False,False,False,False,False,True,False,False,False,False,False,True,False,True,False,False,False,True,False,False,True,False,False,False,False,False,False,0.03822843822843823
0,102.0,0,0,1,0,97.2,172.0,65.4,52.5,2190,4,108,3.62,2.64,9.5,82,4400,28,33,False,False,False,False,False,False,False,False,False,False,False,False,False,False,False,False,False,True,False,False,False,False,False,True,False,True,False,False,False,True,False,False,True,False,False,False,False,False,False,0.03744292237442922
0,102.0,0,0,1,0,97.2,172.0,65.4,52.5,2340,4,108,3.62,2.64,9.0,94,5200,26,32,False,False,False,False,False,False,False,False,False,False,False,False,False,False,False,False,False,True,False,False,False,False,False,True,False,True,False,False,False,True,False,False,False,False,False,False,True,False,False,0.040170940170940174
0,102.0,0,0,1,0,97.0,172.0,65.4,54.3,2385,4,108,3.62,2.64,9.0,82,4800,24,25,False,False,False,False,False,False,False,False,False,False,False,False,False,False,False,False,False,True,False,False,False,False,False,True,False,False,False,False,False,True,False,False,True,False,False,False,False,False,False,0.034381551362683435
0,102.0,0,1,1,0,97.0,172.0,65.4,54.3,2510,4,108,3.62,2.64,7.7,111,4800,24,29,False,False,False,False,False,False,False,False,False,False,False,False,False,False,False,False,False,True,False,False,False,False,False,True,False,False,False,False,False,True,False,False,False,False,False,False,True,False,False,0.044223107569721115
0,89.0,0,0,1,0,97.0,173.5,65.4,53.0,2290,4,108,3.62,2.64,9.0,82,4800,28,32,False,False,False,False,False,False,False,False,False,False,False,False,False,False,False,False,False,True,False,False,False,False,False,False,True,True,False,False,False,True,False,False,True,False,False,False,False,False,False,0.03580786026200873
0,89.0,0,0,1,0,97.0,173.5,65.4,53.0,2455,4,108,3.62,2.64,9.0,94,5200,25,31,False,False,False,False,False,False,False,False,False,False,False,False,False,False,False,False,False,True,False,False,False,False,False,False,True,True,False,False,False,True,False,False,False,False,False,False,True,False,False,0.038289205702647655
0,85.0,0,0,1,0,96.9,173.6,65.4,54.9,2420,4,108,3.62,2.64,9.0,82,4800,23,29,False,False,False,False,False,False,False,False,False,False,False,False,False,False,False,False,False,True,False,False,False,False,False,False,True,False,False,False,False,True,False,False,True,False,False,False,False,False,False,0.033884297520661154
0,85.0,0,1,1,0,96.9,173.6,65.4,54.9,2650,4,108,3.62,2.64,7.7,111,4800,23,23,False,False,False,False,False,False,False,False,False,False,False,False,False,False,False,False,False,True,False,False,False,False,False,False,True,False,False,False,False,True,False,False,False,False,False,False,True,False,False,0.04188679245283019
1,87.0,0,0,0,0,95.7,158.7,63.6,54.5,1985,4,92,3.05,3.03,9.0,62,4800,35,39,False,False,False,False,False,False,False,False,False,False,False,False,False,False,False,False,False,False,True,False,False,False,True,False,False,True,False,False,True,False,False,False,True,False,False,False,False,False,False,0.031234256926952142
1,87.0,0,0,0,0,95.7,158.7,63.6,54.5,2040,4,92,3.05,3.03,9.0,62,4800,31,38,False,False,False,False,False,False,False,False,False,False,False,False,False,False,False,False,False,False,True,False,False,False,True,False,False,True,False,False,True,False,False,False,True,False,False,False,False,False,False,0.030392156862745098
1,74.0,0,0,1,0,95.7,158.7,63.6,54.5,2015,4,92,3.05,3.03,9.0,62,4800,31,38,False,False,False,False,False,False,False,False,False,False,False,False,False,False,False,False,False,False,True,False,False,False,True,False,False,True,False,False,True,False,False,False,True,False,False,False,False,False,False,0.03076923076923077
0,77.0,0,0,1,0,95.7,169.7,63.6,59.1,2280,4,92,3.05,3.03,9.0,62,4800,31,37,False,False,False,False,False,False,False,False,False,False,False,False,False,False,False,False,False,False,True,False,False,False,False,False,True,True,False,False,True,False,False,False,True,False,False,False,False,False,False,0.027192982456140352
0,81.0,0,0,1,0,95.7,169.7,63.6,59.1,2290,4,92,3.05,3.03,9.0,62,4800,27,32,False,False,False,False,False,False,False,False,False,False,False,False,False,False,False,False,False,False,True,False,False,False,False,False,True,False,False,False,True,False,False,False,True,False,False,False,False,False,False,0.027074235807860263
0,91.0,0,0,1,0,95.7,169.7,63.6,59.1,3110,4,92,3.05,3.03,9.0,62,4800,27,32,False,False,False,False,False,False,False,False,False,False,False,False,False,False,False,False,False,False,True,False,False,False,False,False,True,False,False,False,True,False,False,False,True,False,False,False,False,False,False,0.019935691318327974
0,91.0,0,0,1,0,95.7,166.3,64.4,53.0,2081,4,98,3.19,3.03,9.0,70,4800,30,37,False,False,False,False,False,False,False,False,False,False,False,False,False,False,False,False,False,False,True,False,False,False,False,True,False,True,False,False,True,False,False,False,True,False,False,False,False,False,False,0.03363767419509851
0,91.0,0,0,1,0,95.7,166.3,64.4,52.8,2109,4,98,3.19,3.03,9.0,70,4800,30,37,False,False,False,False,False,False,False,False,False,False,False,False,False,False,False,False,False,False,True,False,False,False,True,False,False,True,False,False,True,False,False,False,True,False,False,False,False,False,False,0.03319108582266477
0,91.0,1,0,1,0,95.7,166.3,64.4,53.0,2275,4,110,3.27,3.35,22.5,56,4500,34,36,False,False,False,False,False,False,False,False,False,False,False,False,False,False,False,False,False,False,True,False,False,False,False,True,False,True,False,False,True,False,False,False,False,False,True,False,False,False,False,0.024615384615384615
0,91.0,1,0,1,0,95.7,166.3,64.4,52.8,2275,4,110,3.27,3.35,22.5,56,4500,38,47,False,False,False,False,False,False,False,False,False,False,False,False,False,False,False,False,False,False,True,False,False,False,True,False,False,True,False,False,True,False,False,False,False,False,True,False,False,False,False,0.024615384615384615
0,91.0,0,0,1,0,95.7,166.3,64.4,53.0,2094,4,98,3.19,3.03,9.0,70,4800,38,47,False,False,False,False,False,False,False,False,False,False,False,False,False,False,False,False,False,False,True,False,False,False,False,True,False,True,False,False,True,False,False,False,True,False,False,False,False,False,False,0.033428844317096466
0,91.0,0,0,1,0,95.7,166.3,64.4,52.8,2122,4,98,3.19,3.03,9.0,70,4800,28,34,False,False,False,False,False,False,False,False,False,False,False,False,False,False,False,False,False,False,True,False,False,False,True,False,False,True,False,False,True,False,False,False,True,False,False,False,False,False,False,0.03298774740810556
0,91.0,0,0,1,0,95.7,166.3,64.4,52.8,2140,4,98,3.19,3.03,9.0,70,4800,28,34,False,False,False,False,False,False,False,False,False,False,False,False,False,False,False,False,False,False,True,False,False,False,False,True,False,True,False,False,True,False,False,False,True,False,False,False,False,False,False,0.03271028037383177
1,168.0,0,0,0,0,94.5,168.7,64.0,52.6,2169,4,98,3.19,3.03,9.0,70,4800,29,34,False,False,False,False,False,False,False,False,False,False,False,False,False,False,False,False,False,False,True,False,False,False,False,True,False,False,True,False,True,False,False,False,True,False,False,False,False,False,False,0.03227293683725219
1,168.0,0,0,0,0,94.5,168.7,64.0,52.6,2204,4,98,3.19,3.03,9.0,70,4800,29,34,False,False,False,False,False,False,False,False,False,False,False,False,False,False,False,False,False,False,True,False,False,False,True,False,False,False,True,False,True,False,False,False,True,False,False,False,False,False,False,0.03176043557168784
1,168.0,0,0,0,0,94.5,168.7,64.0,52.6,2265,4,98,3.24,3.08,9.4,112,6600,26,29,False,False,False,False,False,False,False,False,False,False,False,False,False,False,False,False,False,False,True,False,False,False,False,True,False,False,True,False,False,False,False,False,False,False,False,False,True,False,False,0.04944812362030905
1,168.0,0,0,0,0,94.5,168.7,64.0,52.6,2300,4,98,3.24,3.08,9.4,112,6600,26,29,False,False,False,False,False,False,False,False,False,False,False,False,False,False,False,False,False,False,True,False,False,False,True,False,False,False,True,False,False,False,False,False,False,False,False,False,True,False,False,0.04869565217391304
2,134.0,0,0,0,0,98.4,176.2,65.6,52.0,2540,4,146,3.62,3.5,9.3,116,4800,24,30,False,False,False,False,False,False,False,False,False,False,False,False,False,False,False,False,False,False,True,False,False,True,False,False,False,False,True,False,True,False,False,False,False,False,False,False,True,False,False,0.04566929133858268
2,134.0,0,0,0,0,98.4,176.2,65.6,52.0,2536,4,146,3.62,3.5,9.3,116,4800,24,30,False,False,False,False,False,False,False,False,False,False,False,False,False,False,False,False,False,False,True,False,False,True,False,False,False,False,True,False,True,False,False,False,False,False,False,False,True,False,False,0.04574132492113565
2,134.0,0,0,0,0,98.4,176.2,65.6,52.0,2551,4,146,3.62,3.5,9.3,116,4800,24,30,False,False,False,False,False,False,False,False,False,False,False,False,False,False,False,False,False,False,True,False,False,False,True,False,False,False,True,False,True,False,False,False,False,False,False,False,True,False,False,0.04547236377891023
2,134.0,0,0,0,0,98.4,176.2,65.6,52.0,2679,4,146,3.62,3.5,9.3,116,4800,24,30,False,False,False,False,False,False,False,False,False,False,False,False,False,False,False,False,False,False,True,False,False,True,False,False,False,False,True,False,True,False,False,False,False,False,False,False,True,False,False,0.04329973870847331
2,134.0,0,0,0,0,98.4,176.2,65.6,52.0,2714,4,146,3.62,3.5,9.3,116,4800,24,30,False,False,False,False,False,False,False,False,False,False,False,False,False,False,False,False,False,False,True,False,False,False,True,False,False,False,True,False,True,False,False,False,False,False,False,False,True,False,False,0.04274134119380987
2,134.0,0,0,0,0,98.4,176.2,65.6,53.0,2975,4,146,3.62,3.5,9.3,116,4800,24,30,False,False,False,False,False,False,False,False,False,False,False,False,False,False,False,False,False,False,True,False,False,False,False,False,False,False,True,False,True,False,False,False,False,False,False,False,True,False,False,0.038991596638655465
-1,65.0,0,0,1,0,102.4,175.6,66.5,54.9,2326,4,122,3.31,3.54,8.7,92,4200,29,34,False,False,False,False,False,False,False,False,False,False,False,False,False,False,False,False,False,False,True,False,False,False,False,True,False,True,False,False,True,False,False,False,False,False,False,False,True,False,False,0.03955288048151333
-1,65.0,1,1,1,0,102.4,175.6,66.5,54.9,2480,4,110,3.27,3.35,22.5,73,4500,30,33,False,False,False,False,False,False,False,False,False,False,False,False,False,False,False,False,False,False,True,False,False,False,False,True,False,True,False,False,True,False,False,False,False,False,True,False,False,False,False,0.02943548387096774
-1,65.0,0,0,1,0,102.4,175.6,66.5,53.9,2414,4,122,3.31,3.54,8.7,92,4200,27,32,False,False,False,False,False,False,False,False,False,False,False,False,False,False,False,False,False,False,True,False,False,False,True,False,False,True,False,False,True,False,False,False,False,False,False,False,True,False,False,0.03811101905550953
-1,65.0,0,0,1,0,102.4,175.6,66.5,54.9,2414,4,122,3.31,3.54,8.7,92,4200,27,32,False,False,False,False,False,False,False,False,False,False,False,False,False,False,False,False,False,False,True,False,False,False,False,True,False,True,False,False,True,False,False,False,False,False,False,False,True,False,False,0.03811101905550953
-1,65.0,0,0,1,0,102.4,175.6,66.5,53.9,2458,4,122,3.31,3.54,8.7,92,4200,27,32,False,False,False,False,False,False,False,False,False,False,False,False,False,False,False,False,False,False,True,False,False,False,True,False,False,True,False,False,True,False,False,False,False,False,False,False,True,False,False,0.03742880390561432
3,197.0,0,0,0,0,102.9,183.5,67.7,52.0,2976,6,171,3.27,3.35,9.3,161,5200,20,24,False,False,False,False,False,False,False,False,False,False,False,False,False,False,False,False,False,False,True,False,False,False,True,False,False,False,True,False,False,False,False,False,False,False,False,False,True,False,False,0.0540994623655914
3,197.0,0,0,0,0,102.9,183.5,67.7,52.0,3016,6,171,3.27,3.35,9.3,161,5200,19,24,False,False,False,False,False,False,False,False,False,False,False,False,False,False,False,False,False,False,True,False,False,False,True,False,False,False,True,False,False,False,False,False,False,False,False,False,True,False,False,0.05338196286472149
-1,90.0,0,0,1,0,104.5,187.8,66.5,54.1,3131,6,171,3.27,3.35,9.2,156,5200,20,24,False,False,False,False,False,False,False,False,False,False,False,False,False,False,False,False,False,False,True,False,False,False,False,True,False,False,True,False,False,False,False,False,False,False,False,False,True,False,False,0.049824337272436924
-1,115.0,0,0,1,0,104.5,187.8,66.5,54.1,3151,6,161,3.27,3.35,9.2,156,5200,19,24,False,False,False,False,False,False,False,False,False,False,False,False,False,False,False,False,False,False,True,False,False,False,False,False,True,False,True,False,False,False,False,False,False,False,False,False,True,False,False,0.04950809266899397
2,122.0,1,0,0,0,97.3,171.7,65.5,55.7,2261,4,97,3.01,3.4,23.0,52,4800,37,46,False,False,False,False,False,False,False,False,False,False,False,False,False,False,False,False,False,False,False,True,False,False,False,True,False,True,False,False,True,False,False,False,False,False,True,False,False,False,False,0.022998673153471916
2,122.0,0,0,0,0,97.3,171.7,65.5,55.7,2209,4,109,3.19,3.4,9.0,85,5250,27,34,False,False,False,False,False,False,False,False,False,False,False,False,False,False,False,False,False,False,False,True,False,False,False,True,False,True,False,False,True,False,False,False,False,False,False,False,True,False,False,0.03847894975101856
2,94.0,1,0,1,0,97.3,171.7,65.5,55.7,2264,4,97,3.01,3.4,23.0,52,4800,37,46,False,False,False,False,False,False,False,False,False,False,False,False,False,False,False,False,False,False,False,True,False,False,False,True,False,True,False,False,True,False,False,False,False,False,True,False,False,False,False,0.022968197879858657
2,94.0,0,0,1,0,97.3,171.7,65.5,55.7,2212,4,109,3.19,3.4,9.0,85,5250,27,34,False,False,False,False,False,False,False,False,False,False,False,False,False,False,False,False,False,False,False,True,False,False,False,True,False,True,False,False,True,False,False,False,False,False,False,False,True,False,False,0.03842676311030741
2,94.0,0,0,1,0,97.3,171.7,65.5,55.7,2275,4,109,3.19,3.4,9.0,85,5250,27,34,False,False,False,False,False,False,False,False,False,False,False,False,False,False,False,False,False,False,False,True,False,False,False,True,False,True,False,False,True,False,False,False,False,False,False,False,True,False,False,0.03736263736263736
2,94.0,1,1,1,0,97.3,171.7,65.5,55.7,2319,4,97,3.01,3.4,23.0,68,4500,37,42,False,False,False,False,False,False,False,False,False,False,False,False,False,False,False,False,False,False,False,True,False,False,False,True,False,True,False,False,True,False,False,False,False,False,True,False,False,False,False,0.029322984044846918
2,94.0,0,0,1,0,97.3,171.7,65.5,55.7,2300,4,109,3.19,3.4,10.0,100,5500,26,32,False,False,False,False,False,False,False,False,False,False,False,False,False,False,False,False,False,False,False,True,False,False,False,True,False,True,False,False,True,False,False,False,False,False,False,False,True,False,False,0.043478260869565216
3,115.0,0,0,0,0,94.5,159.3,64.2,55.6,2254,4,109,3.19,3.4,8.5,90,5500,24,29,False,False,False,False,False,False,False,False,False,False,False,False,False,False,False,False,False,False,False,True,False,False,False,False,False,True,False,False,True,False,False,False,False,False,False,False,True,False,False,0.03992901508429459
3,256.0,0,0,0,0,94.5,165.7,64.0,51.4,2221,4,109,3.19,3.4,8.5,90,5500,24,29,False,False,False,False,False,False,False,False,False,False,False,False,False,False,False,False,False,False,False,True,False,False,True,False,False,True,False,False,True,False,False,False,False,False,False,False,True,False,False,0.040522287257991896
0,115.0,0,0,1,0,100.4,180.2,66.9,55.1,2661,5,136,3.19,3.4,8.5,110,5500,19,24,False,False,False,False,False,False,False,False,False,False,False,False,False,False,False,False,False,False,False,True,False,False,False,True,False,True,False,False,True,False,False,False,False,False,False,False,True,False,False,0.04133784291619692
0,115.0,1,1,1,0,100.4,180.2,66.9,55.1,2579,4,97,3.01,3.4,23.0,68,4500,33,38,False,False,False,False,False,False,False,False,False,False,False,False,False,False,False,False,False,False,False,True,False,False,False,True,False,True,False,False,True,False,False,False,False,False,True,False,False,False,False,0.026366808840635907
0,115.0,0,0,1,0,100.4,183.1,66.9,55.1,2563,4,109,3.19,3.4,9.0,88,5500,25,31,False,False,False,False,False,False,False,False,False,False,False,False,False,False,False,False,False,False,False,True,False,False,False,False,True,True,False,False,True,False,False,False,False,False,False,False,True,False,False,0.034334763948497854
-2,103.0,0,0,1,0,104.3,188.8,67.2,56.2,2912,4,141,3.78,3.15,9.5,114,5400,23,28,False,False,False,False,False,False,False,False,False,False,False,False,False,False,False,False,False,False,False,False,True,False,False,True,False,False,True,False,True,False,False,False,False,False,False,False,True,False,False,0.03914835164835165
-1,74.0,0,0,1,0,104.3,188.8,67.2,57.5,3034,4,141,3.78,3.15,9.5,114,5400,23,28,False,False,False,False,False,False,False,False,False,False,False,False,False,False,False,False,False,False,False,False,True,False,False,False,True,False,True,False,True,False,False,False,False,False,False,False,True,False,False,0.037574159525379035
-2,103.0,0,0,1,0,104.3,188.8,67.2,56.2,2935,4,141,3.78,3.15,9.5,114,5400,24,28,False,False,False,False,False,False,False,False,False,False,False,False,False,False,False,False,False,False,False,False,True,False,False,True,False,False,True,False,True,False,False,False,False,False,False,False,True,False,False,0.03884156729131175
-1,74.0,0,0,1,0,104.3,188.8,67.2,57.5,3042,4,141,3.78,3.15,9.5,114,5400,24,28,False,False,False,False,False,False,False,False,False,False,False,False,False,False,False,False,False,False,False,False,True,False,False,False,True,False,True,False,True,False,False,False,False,False,False,False,True,False,False,0.03747534516765286
-2,103.0,0,1,1,0,104.3,188.8,67.2,56.2,3045,4,130,3.62,3.15,7.5,162,5100,17,22,False,False,False,False,False,False,False,False,False,False,False,False,False,False,False,False,False,False,False,False,True,False,False,True,False,False,True,False,True,False,False,False,False,False,False,False,True,False,False,0.053201970443349754
-1,74.0,0,1,1,0,104.3,188.8,67.2,57.5,3157,4,130,3.62,3.15,7.5,162,5100,17,22,False,False,False,False,False,False,False,False,False,False,False,False,False,False,False,False,False,False,False,False,True,False,False,False,True,False,True,False,True,False,False,False,False,False,False,False,True,False,False,0.05131453911941717
-1,95.0,0,0,1,0,109.1,188.8,68.9,55.5,2952,4,141,3.78,3.15,9.5,114,5400,23,28,False,False,False,False,False,False,False,False,False,False,False,False,False,False,False,False,False,False,False,False,True,False,False,True,False,False,True,False,True,False,False,False,False,False,False,False,True,False,False,0.03861788617886179
-1,95.0,0,1,1,0,109.1,188.8,68.8,55.5,3049,4,141,3.78,3.15,8.7,160,5300,19,25,False,False,False,False,False,False,False,False,False,False,False,False,False,False,False,False,False,False,False,False,True,False,False,True,False,False,True,False,True,False,False,False,False,False,False,False,True,False,False,0.05247622171203673
-1,95.0,0,0,1,0,109.1,188.8,68.9,55.5,3012,6,173,3.58,2.87,8.8,134,5500,18,23,False,False,False,False,False,False,False,False,False,False,False,False,False,False,False,False,False,False,False,False,True,False,False,True,False,False,True,False,False,False,True,False,False,False,False,False,True,False,False,0.04448871181938911
-1,95.0,1,1,1,0,109.1,188.8,68.9,55.5,3217,6,145,3.01,3.4,23.0,106,4800,26,27,False,False,False,False,False,False,False,False,False,False,False,False,False,False,False,False,False,False,False,False,True,False,False,True,False,False,True,False,True,False,False,False,False,False,True,False,False,False,False,0.032949953372707494
-1,95.0,0,1,1,0,109.1,188.8,68.9,55.5,3062,4,141,3.78,3.15,9.5,114,5400,19,25,False,False,False,False,False,False,False,False,False,False,False,False,False,False,False,False,False,False,False,False,True,False,False,True,False,False,True,False,True,False,False,False,False,False,False,False,True,False,False,0.037230568256041804
-1,95.0,0,1,1,0,109.1,188.8,68.9,55.5,3062,4,141,3.78,3.15,9.5,114,5400,19,25,False,False,False,False,False,False,False,False,False,False,False,False,False,False,False,False,False,False,False,False,True,False,False,True,False,False,True,False,True,False,False,False,False,False,False,False,True,False,False,0.037230568256041804
